year,state,smoking,disability_65,self_rated_health,drinking,leisure_phys_act,overweight,poverty,diabetes,sleep,mental_health
2011,AK,22.9,42.5,15.5,7.4,22,66.3,10.5,7.9,NA,3.2
2011,AL,24.3,42.5,23.2,5.1,32.6,66.7,19,11.8,NA,4.8
2011,AR,27,43.1,24.9,6.1,30.9,64.9,19.5,11.2,NA,5.2
2011,AZ,19.3,33.1,17.4,6.9,24.1,62.3,19,9.5,NA,3.9
2011,CA,13.7,36.8,18.7,6.2,19.1,60.2,16.6,8.9,NA,3.8
2011,CO,18.3,33.9,13.8,6.7,16.5,56.1,13.5,6.7,NA,3.5
2011,CT,17.1,33,14.9,6.6,25.5,59.6,10.9,9.3,NA,3.6
2011,DC,20.8,36.8,13.7,9.6,19.8,52.9,18.7,9.1,NA,3.6
2011,DE,21.7,33.3,14.6,7.4,27,63.8,11.9,9.7,NA,3.4
2011,FL,19.3,34.5,20.6,7.6,26.9,63.3,17,10.4,NA,4.3
2011,GA,21.2,38.2,18.9,6.2,26.7,62.7,19.1,10.2,NA,3.9
2011,GU,30.5,NA,18.3,6.7,33.3,64,NA,9.9,NA,2.9
2011,HI,16.8,34.3,15,7.4,21.3,55.7,12,8.4,NA,2.8
2011,IA,20.4,33.5,13,8.1,25.9,64.8,12.8,8.2,NA,3
2011,ID,17.2,39.8,15.4,6.2,21.4,62.3,16.5,9.4,NA,3.9
2011,IL,20.9,35.2,17.4,8.5,25.1,64.1,15,9.7,NA,4
2011,IN,25.6,37.9,18.9,6,29.2,65.6,16,10.2,NA,4.2
2011,KS,22,36.9,15,5.4,26.8,64.4,13.8,9.5,NA,3.3
2011,KY,29,42.9,22.4,5.7,29.3,66.5,19.1,10.8,NA,4.8
2011,LA,25.7,42.7,23,6.2,33.8,67.6,20.4,11.8,NA,4.4
2011,MA,18.2,34.1,14,7.9,23.5,59.3,11.6,8,NA,3.6
2011,MD,19.1,33.1,14.2,6.2,26.2,64.4,10.1,9.5,NA,3.7
2011,ME,22.8,37.1,15.9,7.8,23,65,14.1,9.6,NA,4.1
2011,MI,23.3,36.7,17.2,7,23.6,65.4,17.5,10,NA,4.2
2011,MN,19.1,32,12,7.9,21.9,62.4,11.9,7.3,NA,3.1
2011,MO,25,37.8,18.2,7.3,28.4,64.8,15.8,10.2,NA,4.1
2011,MS,26,46.2,24,4.7,36,68.9,22.6,12.3,NA,4.4
2011,MT,22.1,37.4,17.2,7.5,24.4,60.3,14.8,8,NA,3.7
2011,NC,21.8,38.1,19.6,5.6,26.7,65.1,17.9,10.9,NA,3.7
2011,ND,21.9,35.3,14.7,6.5,27.1,63.8,12.2,8.2,NA,2.8
2011,NE,20,33.6,14.3,7.5,26.3,64.9,13.1,8.4,NA,3.1
2011,NH,19.4,34.3,13.7,7.9,22.5,61.6,8.8,8.7,NA,4.1
2011,NJ,16.8,33.3,16.2,6,26.4,61.5,10.4,8.8,NA,3.4
2011,NM,21.5,40.3,19.9,5.8,25.3,62.2,21.5,9.9,NA,4
2011,NV,22.9,34.4,20.2,6.8,24.3,60.2,15.9,10.3,NA,3.9
2011,NY,18.1,34,16.9,6.2,26.3,60.3,16,10.4,NA,3.7
2011,OH,25.1,36.3,18,6.6,27,65.9,16.4,10,NA,4.1
2011,OK,26.1,42.2,20.2,5.5,31.2,65.4,17.2,11.1,NA,4.5
2011,OR,19.7,37.5,17.6,7.2,19.8,61.5,17.5,9.3,NA,3.8
2011,PA,22.4,35.6,16.8,6.6,26.2,64.5,13.8,9.5,NA,4.1
2011,PR,14.8,51.7,34.5,5.3,47.3,66.2,45.6,13.5,NA,3.7
2011,RI,20,35.1,17.4,6.7,26.2,62.4,14.7,8.4,NA,4.3
2011,SC,23.1,37.4,19.1,6.6,27.2,65.9,18.9,12.1,NA,4.1
2011,SD,23,35.4,14.6,5.9,27,64.4,13.9,9.5,NA,3
2011,TN,23,40.7,21,3.4,35.1,66.5,18.3,11.2,NA,3.8
2011,TX,19.2,40.4,19,7,27.2,65.8,18.5,10.2,NA,3.6
2011,UT,11.8,34.1,13.4,4.1,18.9,58.9,13.5,6.7,NA,3.6
2011,VA,20.9,34.8,16.8,6.4,25,63.3,11.5,10.4,NA,3.4
2011,VI,NA,NA,NA,NA,NA,NA,NA,NA,NA,NA
2011,VT,19.1,34.7,12.9,8.3,21,59.8,11.5,7.7,NA,3.7
2011,WA,17.5,37.3,16.1,6.5,22,61,13.9,8.9,NA,3.7
2011,WI,20.9,32.8,14.6,9.8,22.7,64,13.1,8.4,NA,3.2
2011,WV,28.6,43.5,25.1,3.9,35.1,68.9,18.6,12,NA,4.6
2011,WY,23,33.9,15.4,6.6,25.5,61.3,11.3,8.2,NA,3.5
2012,AK,20.5,40.1,14.1,6.6,18.5,64.8,10.1,7,61.7,3.2
2012,AL,23.8,42.7,25,5.2,27.2,67.7,19,12.2,NA,5.2
2012,AR,25,41.4,23.7,4.1,31.5,68.7,19.8,11.3,NA,4.7
2012,AZ,17.1,33.8,18.1,5.1,22.6,62,18.7,10.6,NA,4
2012,CA,12.6,36.6,17.7,5.8,19.2,60.3,17,9.8,NA,3.8
2012,CO,17.7,32.4,14.5,6.5,17,55.7,13.7,7.4,NA,3.5
2012,CT,16,31.7,14.2,6.5,22.1,62.3,10.7,9.1,NA,3.6
2012,DC,19.6,33.6,12.1,8.1,17.4,51.9,18.2,8.2,NA,3.8
2012,DE,19.7,32,16.4,6.8,23.5,66,12,9.6,NA,3.7
2012,FL,17.7,33.3,19.9,7.1,23.3,62.1,17.1,11.4,NA,4.4
2012,GA,20.4,38.2,17.5,5.1,23.6,64.6,19.2,9.9,NA,3.6
2012,GU,25.8,NA,21.8,7.5,27.6,61.5,NA,9.6,NA,2.9
2012,HI,14.6,34.4,14.8,7.4,18.7,56,11.6,7.8,NA,2.9
2012,IA,18.1,32.1,14,6.2,23.1,64.7,12.7,9.7,NA,3
2012,ID,16.4,35.1,15.6,5.7,20.3,62.5,15.9,8.5,NA,3.8
2012,IL,18.6,35,17.4,6.1,21.8,64,14.7,9.4,NA,3.5
2012,IN,24,36.1,20,5.1,25.9,65.5,15.6,10.9,NA,4.3
2012,KS,19.4,35.1,16,5.3,22.9,65.6,14,9.4,64.2,3.2
2012,KY,28.3,42.6,23.9,5.3,29.7,66.9,19.4,10.7,NA,4.9
2012,LA,24.8,42.7,22.5,6.9,29.9,69.6,19.9,12.3,NA,4.1
2012,MA,16.4,33.7,13.4,7.4,19.8,58.8,11.9,8.3,NA,3.8
2012,MD,16.2,32.7,15.8,5.5,23.1,63.8,10.3,10.2,NA,3.5
2012,ME,20.3,35.4,16.1,6.7,20.9,64.2,14.7,9.7,NA,4
2012,MI,23.3,36,17.1,6.1,23.3,65.6,17.4,10.5,NA,4.1
2012,MN,18.8,31.7,11.7,6.3,17.6,63,11.4,7.3,NA,3.1
2012,MO,23.9,37.9,18.7,6.3,24.7,65.7,16.2,10.7,NA,4
2012,MS,24,44.5,23.4,4.6,30.8,68.9,24.2,12.5,NA,4.4
2012,MT,19.7,36.1,15.8,8.5,20.5,61.3,15.5,7.2,NA,3.7
2012,NC,20.9,36.6,19.3,4.9,24.9,65.8,18,10.4,NA,3.9
2012,ND,21.2,32.6,13.4,6.4,23.8,66.2,11.2,8.6,NA,2.8
2012,NE,19.7,33.8,14.4,7.2,21,65,13,8.1,NA,3
2012,NH,17.2,31.4,13.5,7.3,20,62.1,10,9.1,NA,3.8
2012,NJ,17.3,32.7,16.1,5.3,24.9,61.6,10.8,9.3,NA,3.3
2012,NM,19.3,41.4,21.1,5.5,21.8,62.8,20.8,10.3,NA,4
2012,NV,18.1,35.8,19,6.5,21.3,62.5,16.4,8.9,61.3,4.1
2012,NY,16.2,33.8,17.5,5,24.7,60.6,15.9,9.7,NA,4.1
2012,OH,23.3,35.3,18.3,6.3,25.3,65.3,16.3,11.7,NA,4.1
2012,OK,23.3,40.8,19,4.6,28.3,67.8,17.2,11.5,NA,4.2
2012,OR,17.9,37.5,18.2,7.3,16.3,61.2,17.2,9.9,65.4,4.4
2012,PA,21.4,34.6,16.9,5.7,23.5,64.9,13.7,10.2,NA,3.8
2012,PR,12.6,51.2,36.1,4.9,42.4,66.1,44.9,16.4,63.6,3.5
2012,RI,17.4,33.4,16.3,6.2,23.6,62.9,13.7,9.8,NA,4.1
2012,SC,22.5,37.1,18.9,5.9,25.1,66.1,18.3,11.6,NA,4.2
2012,SD,22,34.9,13.1,5.9,22.5,66.1,13.4,7.8,NA,2.9
2012,TN,24.9,39.8,21.1,3.6,28.6,65.4,17.9,11.9,NA,4
2012,TX,18.2,39.1,19.2,6.1,27.2,65.1,17.9,10.6,NA,3.6
2012,UT,10.6,34.6,13.1,3.5,16.5,57.8,12.8,7.2,NA,3.4
2012,VA,19,33.6,17.5,5.4,22.5,63.6,11.7,10.6,NA,3.5
2012,VI,NA,NA,NA,NA,NA,NA,NA,NA,NA,NA
2012,VT,16.5,31.4,12.1,7.5,17.2,60.3,11.8,7.3,NA,3.8
2012,WA,17.2,35.2,16.2,6.4,19,62.2,13.5,8.8,NA,3.9
2012,WI,20.4,32.1,14,8.5,20.4,66.4,13.2,8.3,NA,3.7
2012,WV,28.2,43.4,25.2,3.5,31,68.3,17.8,13,NA,4.5
2012,WY,21.8,36.6,14.9,6,21.1,63.3,12.6,9.1,NA,3.4
2013,AK,22.6,39.7,15,8.2,22.3,66.1,9.3,7.1,63.1,3.1
2013,AL,21.5,41.4,22.8,4.3,31.5,68.2,18.7,13.8,60.5,4.4
2013,AR,25.9,42.4,24.1,5,34.4,69.9,19.7,11.5,62,4.4
2013,AZ,16.3,34.6,16.7,6.3,25.2,61.8,18.6,10.7,64,3.9
2013,CA,12.5,36.9,18.9,6.4,21.4,60.1,16.8,10.2,64.1,3.8
2013,CO,17.7,34.3,13.1,6.7,17.9,56.4,13,6.5,69.1,3.3
2013,CT,15.5,32.1,13.2,6.3,24.9,62.5,10.7,8.3,63.1,3.5
2013,DC,18.8,33.4,12.7,6.4,19.5,53.8,18.9,7.8,62.7,3.6
2013,DE,19.6,32.1,17.3,6.6,27.8,64.6,12.4,11.1,61.3,3.6
2013,FL,16.8,34.1,19.5,7.2,27.7,62.8,17,11.2,61.5,4.1
2013,GA,18.8,38,19.1,4.7,27.2,65.7,19,10.8,59.9,3.4
2013,GU,26.5,NA,20.3,7,33,63.5,NA,14.1,49.3,3.4
2013,HI,13.3,35.6,13.8,7.6,22.1,55.4,10.8,8.4,56.4,2.7
2013,IA,19.5,32.7,14.4,6.5,28.5,67,12.7,9.3,67.1,2.9
2013,ID,17.2,39.1,14.2,6.2,23.7,64.9,15.6,8.4,66.7,3.7
2013,IL,18,35.3,16.9,6.5,25.1,64.7,14.7,9.9,63.6,3.7
2013,IN,21.9,37.9,18.1,5.2,31,67.3,15.9,11,61.5,4
2013,KS,20,36.9,15.4,4.6,26.5,65.3,14,9.6,68.3,3.1
2013,KY,26.5,42,23.3,4.9,30.2,67.3,18.8,10.6,56.9,4.5
2013,LA,23.5,41.7,22.7,6.3,32.2,67.4,19.8,11.6,60.9,4.2
2013,MA,16.6,34.1,13.8,7.5,23.5,58,11.9,8.5,62.9,3.8
2013,MD,16.4,32.9,15,5.2,25.3,64.1,10.1,9.8,59,3.3
2013,ME,20.2,35.3,14.9,7.2,23.3,64.8,14,9.6,65.6,3.8
2013,MI,21.4,36.5,17.7,6.2,24.4,66.2,17,10.4,59.9,3.9
2013,MN,18,31.8,12.4,7.3,23.5,61.1,11.2,7.4,65.5,2.9
2013,MO,22.1,37.1,18.4,6,28.3,65.5,15.9,9.6,65.2,3.8
2013,MS,24.8,45.1,24.4,4.2,38.1,69.3,24,12.9,61.9,4.3
2013,MT,19,35.6,15.4,7.7,22.5,61.4,16.5,7.7,67.1,3.3
2013,NC,20.3,38.2,19.2,4.9,26.6,66.1,17.9,11.4,62.7,3.6
2013,ND,21.2,33.8,14.7,7.2,27.6,67.6,11.8,8.9,67.7,2.7
2013,NE,18.5,35.4,13.9,6.8,25.3,65.5,13.2,9.2,65.9,3
2013,NH,16.2,34.6,12.6,6.5,22.4,61.8,8.7,9.2,65.7,3.5
2013,NJ,15.7,33.5,16.6,5,26.8,62.8,11.4,9.2,58.6,3.3
2013,NM,19.1,41.9,20.8,5.9,24.3,62.7,21.9,10.7,65.3,3.7
2013,NV,19.4,36.2,17.2,7,23.7,64.9,15.8,9.6,62.9,3.7
2013,NY,16.6,34.1,18.1,6,26.7,61.3,16,10.6,58.2,3.7
2013,OH,23.4,35.2,18.1,5.7,28.5,65.1,16,10.4,58.5,3.8
2013,OK,23.7,42.8,20.6,4.2,33,67.9,16.8,11,61.3,4.3
2013,OR,17.3,37.9,17.4,8.6,18.5,59.9,16.7,9.2,67.4,4.3
2013,PA,21,34.3,16.9,5.9,26.3,64.5,13.7,10.1,60.4,4
2013,PR,10.8,49.8,35.4,5,48,66.6,45.4,14.9,61.3,4.1
2013,RI,17.4,35.1,16.2,6.1,26.9,64.6,14.3,9.3,60.9,3.8
2013,SC,22,37.2,19.7,5.7,26.9,66.5,18.6,12.5,60.3,3.8
2013,SD,19.6,35.5,12.6,5.2,23.8,67,14.2,9.1,70.5,2.5
2013,TN,24.3,40,23.1,3.3,37.2,68.4,17.8,12.2,60,3.7
2013,TX,15.9,39.9,19.2,5.9,30.1,66.1,17.5,10.9,65.1,3.2
2013,UT,10.3,36,12.5,4.5,20.6,59.2,12.7,7.1,64.7,3.5
2013,VA,19,33.9,15.9,5.7,25.5,64,11.7,9.8,60.1,3.3
2013,VI,NA,NA,NA,NA,NA,NA,NA,NA,NA,NA
2013,VT,16.6,34.2,12.1,7.1,20.5,61.9,12.3,7.8,67.5,3.3
2013,WA,16.1,37.4,15.7,6.6,20,61.4,14.1,8.6,65.3,3.8
2013,WI,18.7,33.2,15.4,7.8,23.8,66.5,13.5,8.2,65.2,3.5
2013,WV,27.3,45.5,25.7,3.9,31.4,68.8,18.5,13,58.1,4.4
2013,WY,20.6,34.6,15.2,5.8,25.1,64.4,10.9,8.6,69.3,3.2
2014,AK,19.9,41.1,13.4,8.8,19.2,64.8,11.2,7.4,62.4,3.1
2014,AL,21.1,41.8,22.9,4.5,27.6,67,19.3,12.9,59.3,4.6
2014,AR,24.7,42.6,23.5,5.1,30.7,70.6,18.9,12.7,61.3,4.4
2014,AZ,16.5,35,19,5.8,21.2,64,18.2,10,65.6,3.6
2014,CA,12.8,35.7,18.1,5.7,21.7,59.7,16.4,10.3,64.1,3.6
2014,CO,15.7,33.1,13.2,6.5,16.4,57.4,12,7.3,69.8,3.2
2014,CT,15.4,31.9,14.3,5.7,20.6,60.4,10.8,9.2,62.9,3.6
2014,DC,16.4,36.6,12.9,9,20.8,54.9,17.7,8.4,66.7,3.4
2014,DE,19.9,30.4,15.6,5.2,24.9,67.4,12.5,11.1,60.5,3.5
2014,FL,17.6,33.7,19.3,6.7,23.7,62.2,16.5,11.2,63.5,3.8
2014,GA,17.4,37.8,18.8,5.3,23.6,65.7,18.3,11.6,59.2,4
2014,GU,29.2,NA,20.2,8.7,27.7,63.4,NA,10.8,49.7,3.4
2014,HI,14.1,36,14.5,7.9,19.6,58.1,11.4,9.8,54.3,2.7
2014,IA,18.5,31.8,13.6,6.3,22.6,66.9,12.2,9.5,67.5,3
2014,ID,15.9,37.2,13.1,5,18.7,65.7,14.8,7.6,66.9,3.2
2014,IL,16.5,35.1,17.3,6.4,23.9,63.8,14.4,10.1,63.6,3.6
2014,IN,22.9,37.5,18.9,5.2,26.1,66.5,15.2,10.7,59.8,4.1
2014,KS,18.1,35.8,15.4,5.1,23.8,66,13.6,10.3,66.7,3
2014,KY,26.2,43.1,24.3,5.5,28.2,66.7,19.1,12.5,59.3,4.5
2014,LA,24,40.3,21.7,6.5,29.5,68.9,19.8,11.3,62.1,3.9
2014,MA,14.7,32.6,14.5,7,20.1,58.9,11.6,9.7,62.9,3.9
2014,MD,14.6,32,14.2,5.3,21.4,64.9,10.1,10.1,58.7,3.3
2014,ME,19.3,33.5,15.1,7.1,19.7,64.5,14.1,9.5,66,3.8
2014,MI,21.2,36.1,16.8,6.8,25.5,65.6,16.2,10.4,59.9,4.1
2014,MN,16.3,31.8,12,6.4,20.2,64.1,11.5,8.1,68.6,2.8
2014,MO,20.6,36.7,16.9,5.2,25,65.6,15.5,11.1,64,3.6
2014,MS,23,44.5,22,4.3,31.6,70.7,21.5,13,62.2,4.2
2014,MT,19.9,33.9,15.4,7.4,19.6,63,15.4,8.8,67.9,3.3
2014,NC,19.1,37.1,19,5.1,23.2,65.6,17.2,10.8,65.6,3.6
2014,ND,19.9,34.1,14.1,6.7,21.3,68.8,11.5,8.6,65.5,2.8
2014,NE,17.3,35,13.2,6.4,21.3,66.7,12.4,9.2,67.5,2.8
2014,NH,17.5,32.5,13.7,7,19.3,63.6,9.2,9.1,66.3,3.5
2014,NJ,15.1,33.1,16.9,4.8,23.3,63.1,11.1,9.7,60.6,3.4
2014,NM,19.1,40.7,20.7,5.7,23.3,64.9,21.3,11.5,66.7,3.9
2014,NV,17,36.7,18.5,6.9,22.5,63.5,15.2,9.6,62.2,3.4
2014,NY,14.4,34.7,17.2,4.9,25.9,61.1,15.9,10,59.8,3.7
2014,OH,21,35.4,17.9,6.4,25,66.7,15.8,11.7,60.2,4.1
2014,OK,21.1,42.4,20.5,3.9,28.3,68.2,16.6,12,62.8,4.1
2014,OR,17,38,15.6,7.7,16.5,61.7,16.6,9,66.7,4.1
2014,PA,19.9,34.6,17.1,6,23.3,64.1,13.6,11.2,60.8,3.9
2014,PR,11.3,49.7,35.4,3.8,40.6,65.9,46.2,15.7,62.2,3.7
2014,RI,16.3,36.3,15.2,6.2,22.5,62.4,14.3,9.4,61.7,3.6
2014,SC,21.5,37.3,19.7,5.9,25.3,67,18,12,60.5,4.2
2014,SD,18.6,34.5,14,4.9,21.2,65.2,14.2,9.1,69.5,2.7
2014,TN,24.2,39.4,23.8,4.1,26.8,67.1,18.3,13,61.5,4.8
2014,TX,14.5,39.4,19.5,5.8,27.6,67.8,17.2,11,64.8,3
2014,UT,9.7,34.2,12.1,3.3,16.8,59.5,11.7,7.1,66.1,3.5
2014,VA,19.5,34.1,16.9,5.3,23.5,64.7,11.8,9.7,62.5,3.3
2014,VI,NA,NA,NA,NA,NA,NA,NA,NA,NA,NA
2014,VT,16.4,34.5,11.7,9.1,19,60.2,12.2,7.9,67.1,3.4
2014,WA,15.3,36.6,16,6.8,18.1,63.4,13.2,8.9,66.2,3.7
2014,WI,17.4,31.6,15.5,7.2,21.2,67.4,13.2,9,66.1,3.6
2014,WV,26.7,44.3,25.8,3.6,28.7,69.6,18.3,14.1,60.7,4.6
2014,WY,19.5,35,13.7,6.2,22.1,64.6,11.2,8.4,67.3,3.3
2015,AK,19.1,39.6,13.6,8.6,22,67.2,10.3,7.6,NA,3.5
2015,AL,21.4,41.4,22.2,4.8,31.9,68.7,18.5,13.5,NA,4.3
2015,AR,24.9,42.3,23.8,5.3,34.2,69.5,19.1,12.6,NA,4.7
2015,AZ,14,34.9,18.8,5.2,24.7,65.3,17.4,10.1,NA,3.8
2015,CA,11.7,35.3,18,5.7,20,60.3,15.3,10,NA,3.6
2015,CO,15.6,32.7,13.9,5.9,17.9,56.6,11.5,6.8,NA,3.5
2015,CT,13.5,31,14.9,6.1,23.5,61.6,10.5,9.3,NA,3.6
2015,DC,16,34.6,12,9.1,19.4,54.4,17.3,8.5,NA,3.5
2015,DE,17.4,31.5,17.6,5.3,29.4,66.8,12.4,11.5,NA,3.6
2015,FL,15.8,33.5,18.4,6,26.2,64.1,15.7,11.3,NA,4.1
2015,GA,17.7,36.5,18.1,5.3,27.3,65.5,17,11.3,NA,3.7
2015,GU,27.4,NA,19.8,8.1,31.1,67,NA,12,NA,3.5
2015,HI,14.1,33,13.6,7.7,22.5,57,10.6,8.5,NA,2.9
2015,IA,18.1,32.7,13,5.9,26.3,66.7,12.2,8.8,NA,3.2
2015,ID,13.8,37,14.6,5.3,21.2,65.2,15.1,8.1,NA,3.4
2015,IL,15.1,33.6,16.4,6.2,24.8,66.2,13.6,9.9,NA,3.4
2015,IN,20.6,37.8,18.8,5.3,29.4,66.5,14.5,11.4,NA,4
2015,KS,17.7,36.5,15.7,5.1,26.5,68,13,9.7,NA,3.2
2015,KY,25.9,40.7,22.2,5.9,32.5,67.2,18.5,13.4,NA,4.3
2015,LA,21.9,39.8,21.9,6.6,31.9,69.2,19.6,12.7,NA,4.3
2015,MA,14,32.8,14.6,7.2,26.5,59.7,11.5,8.9,NA,3.9
2015,MD,15.1,31.8,13.9,4.9,24.1,65,9.7,10.3,NA,3.4
2015,ME,19.5,34.1,16.1,8.1,24.8,66.5,13.4,9.9,NA,3.8
2015,MI,20.7,35.4,17.7,6.5,25.5,66.2,15.8,10.7,NA,3.8
2015,MN,16.2,32,12.4,6.5,21.8,62.8,10.2,7.6,NA,2.9
2015,MO,22.3,37.1,17.8,6.2,27,66.3,14.8,11.5,NA,4
2015,MS,22.5,42.6,23.6,4.5,36.8,70.1,22,14.7,NA,4.5
2015,MT,18.9,34.4,15.1,7.7,22.5,61,14.6,7.9,NA,3.4
2015,NC,19,36.5,19.2,4.7,26.2,65.8,16.4,10.7,NA,3.7
2015,ND,18.7,35.9,13.9,6.5,26.8,67,11,8.7,NA,3.3
2015,NE,17.1,33.6,13.9,5.7,25.3,67,12.6,8.8,NA,2.9
2015,NH,15.9,32.6,12.1,6.4,22.6,63.6,8.2,8.1,NA,3.5
2015,NJ,13.5,32.6,16,4.8,27.2,63.4,10.8,9,NA,3.3
2015,NM,17.5,40.6,20.8,4.5,22.6,64.5,20.4,11.5,NA,3.7
2015,NV,17.5,35.2,17.6,6.2,24.7,64.7,14.7,9.7,NA,3.8
2015,NY,15.2,33.4,16.8,5.5,29.3,59.5,15.4,9.8,NA,3.7
2015,OH,21.6,34.6,16.5,6.1,27,66.5,14.8,11,NA,3.9
2015,OK,22.2,41.3,21.8,4.2,33.2,68.9,16.1,11.7,NA,4.1
2015,OR,17.1,37.6,18.6,7.2,18.8,64.5,15.4,10.7,NA,4.5
2015,PA,18.1,34.4,16.4,5.6,27.8,66.2,13.2,10.4,NA,3.8
2015,PR,10.7,49.5,36.4,4.6,48.1,67,46.1,16.5,NA,3.8
2015,RI,15.5,34.4,16.2,6.1,28.1,62.6,13.9,9,NA,4.1
2015,SC,19.7,37.4,18,6.3,26.7,66.2,16.6,11.8,NA,4.3
2015,SD,20.1,32.6,13.7,4.8,21.5,64.5,13.7,9.3,NA,2.4
2015,TN,21.9,39.7,21.1,4.7,30.4,68.7,16.7,12.7,NA,4.3
2015,TX,15.2,38.5,19.4,5.8,29.5,68.7,15.9,11.4,NA,3.2
2015,UT,9.1,35.3,12.5,3.6,20.3,59.6,11.3,7,NA,3.6
2015,VA,16.5,32.8,15.2,5.9,25.1,64.1,11.2,10.3,NA,3.2
2015,VI,NA,NA,NA,NA,NA,NA,NA,NA,NA,NA
2015,VT,16,33.6,12.6,7.7,22.2,59.9,10.2,8.2,NA,3.5
2015,WA,15,35.8,14.9,6.3,19,62.5,12.2,8.4,NA,3.7
2015,WI,17.3,31.7,14.6,8.2,21.6,66,12.1,8.4,NA,3.4
2015,WV,25.7,43.5,25.9,3.5,30.8,71.1,17.9,14.5,NA,4.7
2015,WY,19.1,36.2,14.9,6.2,26.2,65.4,11.1,8.4,NA,3.6
2016,AK,19,39.6,13.8,6.1,19.1,66.7,9.9,7.5,65.7,3.5
2016,AL,21.5,40.7,22.6,5.4,29.4,69.5,17.1,14.6,60.5,4.5
2016,AR,23.6,40.4,25.6,5.2,32.5,68.2,17.2,13.5,62.7,5
2016,AZ,14.7,34.3,18.6,6.2,23.1,63.2,16.4,10.8,65.6,3.8
2016,CA,11,35.6,17.8,5.9,20.5,61,14.3,10.2,63.6,3.5
2016,CO,15.6,31.3,14.5,6.8,15.8,58.1,11,6.6,70.5,3.6
2016,CT,13.3,31.7,14.4,5.7,21.3,61.8,9.8,9.8,64.5,3.7
2016,DC,14.7,34,11.5,11.1,16.2,53.5,18.6,7.7,63.2,3.4
2016,DE,17.7,31.1,16.4,6.4,26.6,68,11.7,10.6,61.3,3.6
2016,FL,15.5,33.1,19.5,6.8,29.8,63.2,14.7,11.8,63.9,3.6
2016,GA,17.9,36.5,19.1,5.6,29.4,65.8,16,12.1,61.8,3.8
2016,GU,25.1,NA,21.8,8.3,29.6,64.5,NA,10,49.3,3.8
2016,HI,13.1,34.3,14.8,7.9,20.8,57.6,9.3,10.5,55.6,3.1
2016,IA,16.7,31.9,13.9,6.9,22.7,68.7,11.8,9.3,69.4,3.3
2016,ID,14.5,36.1,15.9,7,20.2,64.5,14.4,8.9,68.5,3.5
2016,IL,15.8,33.8,18,6.8,23.9,65,13,10.4,65.8,3.4
2016,IN,21.1,37.1,18.5,6.6,26.8,67.2,14.1,11.5,61.6,4.2
2016,KS,17.2,34.9,15.4,5.8,23.5,66.7,12.1,9.4,66.9,3.2
2016,KY,24.5,42.3,22.5,6.2,29.8,69.1,18.5,13.1,59.2,4.6
2016,LA,22.8,39.5,21.9,6.5,29.1,69.2,20.2,12.1,60,4.2
2016,MA,13.6,32,14.1,7.5,19.9,60.2,10.4,9.2,64.5,3.9
2016,MD,13.7,31.3,14.4,5.3,23.1,64.6,9.7,10.8,62.1,3.4
2016,ME,19.8,33.4,16.4,8.6,20.6,65.2,12.5,10.6,65.3,4.1
2016,MI,20.4,34.8,18,6.9,23.9,67.5,15,11.2,60.8,4.3
2016,MN,15.2,31.3,12.7,7.5,18,64.8,9.9,8.4,67.9,3.1
2016,MO,22.1,36.7,19,7.1,24.9,67.3,14,11.5,64.1,4.2
2016,MS,22.7,40.9,23.2,4.7,30.3,71.3,20.8,13.6,62.1,4.3
2016,MT,18.5,34.5,15.6,7.1,19.9,62.7,13.3,8.1,70.4,3.4
2016,NC,17.9,35.8,18.3,6.6,23.3,66.8,15.4,11.3,64.4,3.8
2016,ND,19.8,34.2,14.8,7.5,22.2,68.1,10.7,8.6,68.7,3.1
2016,NE,17,34.5,14.7,6.6,22.4,68.5,11.4,8.8,67.9,3.2
2016,NH,18,31,14.1,8,19.3,63.5,7.3,9,64.7,4
2016,NJ,14,32.1,17.5,4.4,29.8,63.8,10.4,9.2,60.2,3.4
2016,NM,16.6,40.2,21.7,5.5,20.3,64.9,19.8,11.6,65.7,3.9
2016,NV,16.5,35.1,20.9,6.3,24.7,62.3,13.8,11.1,60.2,4.4
2016,NY,14.2,32.9,16.9,5.9,26.3,60.8,14.7,10.5,61.3,3.5
2016,OH,22.5,35.3,18,6.4,25.9,66.3,14.6,11.1,60.3,4.1
2016,OK,19.6,42.1,20.1,3.7,28.5,68.8,16.3,12,63.1,4.4
2016,OR,16.2,37.4,16.4,7.7,17.3,62.6,13.3,9.5,66.8,4.3
2016,PA,18,34.6,16.6,6.8,22.9,65.4,12.9,11.3,60.5,4.2
2016,PR,10.6,48.1,34.3,4.7,41.7,66.5,43.5,15.3,61.1,3.8
2016,RI,14.4,31.6,15.6,5.9,24.4,63.7,12.8,9.8,62.2,4.2
2016,SC,20,36.2,20,6.8,26.9,67.4,15.3,13,60.8,4.3
2016,SD,18.1,33.7,13,5.4,18.9,66.9,13.3,7.9,71.7,2.8
2016,TN,22.1,38.3,20.4,5.6,28.4,68.6,15.8,12.7,61.2,4.4
2016,TX,14.3,38.7,18.3,6.9,25.2,68.4,15.6,11.2,65.2,3.4
2016,UT,8.8,34,11.7,4.8,15.7,60.4,10.2,7.2,67.1,3.7
2016,VA,15.3,32.6,16.3,6.3,23.3,65.5,11,10.4,61.6,3.4
2016,VI,6.6,NA,20.3,5.4,26.1,65.2,NA,12.7,56.2,2.8
2016,VT,17,31.1,13.5,9.1,19.5,61.7,11.9,8.4,67.7,3.9
2016,WA,13.9,35.7,14.4,7,17.6,63.5,11.3,9.4,66.1,3.7
2016,WI,17.1,31.8,16,8.9,20,66.2,11.8,9.8,65.6,3.7
2016,WV,24.8,42.9,26.3,3.5,28.5,70.9,17.9,15,59,5
2016,WY,18.9,37.9,15.7,5.9,23.1,64.2,11.3,8.3,67.7,3.6
